Workbook

Sheet ALL
A1: Name | B1: Population | C1: Pronunciation | D1: IPA Use (https://ipa-reader.com/) | E1: Continent | F1: GDP (Nominal) | G1: Per (NOM) | H1: GDP (PPP) | I1: Per (PPP) | J1: Density | K1: Area (Km) | L1: Area (Mi) | M1: KTDI | N1: GDI | O1: Phone | P1: Domain | Q1: Capital | R1: Demonym | S1: Military NOM | T1: Military NOM USD | U1: Military PPP | V1: Military PPP USD | W1: Per GDP
A2: Raledria | B2: =SUM(J2*K2) -> 3.0111528e+08 | C2: rah-LED-ree-uh | D2: /ˌrɑːˈlɛd.ri.ə/ | E2: Atirha | F2: =SUM(G2*B2) -> 8579395623719 | G2: 28492.063 | H2: 8.5793956e+12 | I2: =sum(H2/B2) -> 28492.063 | J2: 127.8124 | K2: 2355916 | L2: =SUM(K2*0.386102) -> 909623.88 | M2: 0.942 | N2: 8.66 | O2: 20 | P2: .ral | Q2: Tirna | R2: Raledrian | S2: =SUM(F2*W2) -> 292557390769 | T2: =SUM(F2*W2*1.5) -> 438836086153 | U2: =SUM(H2*W2) -> 292557390769 | V2: =SUM(H2*W2*1.5) -> 438836086153 | W2: 0.0341
A3: Dahe | B3: =SUM(J3*K3) -> 8.9060132e+08 | C3: dah-HAY | D3: /dɑːˈheɪ/ | E3: Massir | F3: =SUM(G3*B3) -> 9578388947394 | G3: 10754.968 | H3: 1.8026609e+13 | I3: =sum(H3/B3) -> 20240.941 | J3: 201.0773 | K3: 4429149 | L3: =SUM(K3*0.386102) -> 1710103.3 | M3: 0.895 | N3: 6.21 | O3: 51 | P3: .dah | Q3: Fekunza | R3: Dahen | S3: =SUM(F3*W3) -> 289267346211 | T3: =SUM(F3*W3*1.5) -> 433901019317 | U3: =SUM(H3*W3) -> 544403590847 | V3: =SUM(H3*W3*1.5) -> 816605386271 | W3: 0.0302
A4: Pelugrotoa | B4: =SUM(J4*K4) -> 3.4752059e+08 | C4: peh-LOO-groh-toh-uh | D4: /pɛˈluː.groʊ.toʊ.ə/ | E4: Mahea | F4: =SUM(G4*B4) -> 4121980291974 | G4: 11861.111 | H4: 7.4607843e+12 | I4: =sum(H4/B4) -> 21468.611 | J4: 134.5993 | K4: 2581890 | L4: =SUM(K4*0.386102) -> 996872.89 | M4: 0.839 | N4: 2.33 | O4: 901 | P4: .pel | Q4: Thavrin | R4: Pelugrotoan | S4: =SUM(F4*W4) -> 176420756497 | T4: =SUM(F4*W4*1.5) -> 264631134745 | U4: =SUM(H4*W4) -> 319321569259 | V4: =SUM(H4*W4*1.5) -> 478982353888 | W4: 0.0428
A5: Areoix Lie | B5: =SUM(J5*K5) -> 5.7908744e+08 | C5: are-TOOR-lay | D5: /ɑːrˈtʊər.leɪ/ | E5: Acrola | F5: =SUM(G5*B5) -> 4595932041317 | G5: 7936.5079 | H5: 1.1173667e+13 | I5: =sum(H5/B5) -> 19295.303 | J5: 98.918 | K5: 5854217 | L5: =SUM(K5*0.386102) -> 2260324.9 | M5: 0.712 | N5: 5.23 | O5: 88 | P5: .lie | Q5: Vurahi | R5: Arten | S5: =SUM(F5*W5) -> 122711385503 | T5: =SUM(F5*W5*1.5) -> 184067078255 | U5: =SUM(H5*W5) -> 298336919178 | V5: =SUM(H5*W5*1.5) -> 447505378767 | W5: 0.0267
A6: Estijan | B6: =SUM(J6*K6) -> 2.6084482e+08 | C6: ESS-tee-jahn | D6: /ˈɛs.ti.dʒɑːn/ | E6: Ayuma | F6: =SUM(G6*B6) -> 2805116867175 | G6: 10753.968 | H6: 5.0577732e+12 | I6: =sum(H6/B6) -> 19389.97 | J6: 35.873 | K6: 7271341 | L6: =SUM(K6*0.386102) -> 2807479.3 | M6: 0.825 | N6: 6.21 | O6: 30 | P6: .est | Q6: Shabiran | R6: Estijan | S6: =SUM(F6*W6) -> 93690903364 | T6: =SUM(F6*W6*1.5) -> 140536355045 | U6: =SUM(H6*W6) -> 168929625425 | V6: =SUM(H6*W6*1.5) -> 253394438137 | W6: 0.0334
A7: Etirha | B7: =SUM(J7*K7) -> 74667447 | C7: EH-teer-hah | D7: /ˈɛ.tɪər.hɑː/ | E7: Atirha | F7: =SUM(G7*B7) -> 2642990568619 | G7: 35396.825 | H7: 2.1910392e+12 | I7: =sum(H7/B7) -> 29343.968 | J7: 40.0399 | K7: 1864826 | L7: =SUM(K7*0.386102) -> 720013.05 | M7: 0.969 | N7: 9.04 | O7: 22 | P7: .eti | Q7: Albiran | R7: Etirhan | S7: =SUM(F7*W7) -> 57617194396 | T7: =SUM(F7*W7*1.5) -> 86425791594 | U7: =SUM(H7*W7) -> 47764654154 | V7: =SUM(H7*W7*1.5) -> 71646981231 | W7: 0.0218
A8: Verusa | B8: =SUM(J8*K8) -> 69480631 | C8: VEH-roo-sah | D8: /ˈvɛr.uː.sɑː/ | E8: Ayuma | F8: =SUM(G8*B8) -> 1549528349095 | G8: 22301.587 | H8: 1.8682335e+12 | I8: =sum(H8/B8) -> 26888.552 | J8: 95.1 | K8: 730606 | L8: =SUM(K8*0.386102) -> 282088.44 | M8: 0.974 | N8: 9.59 | O8: 12 | P8: .ver | Q8: Huifarn | R8: Verusan | S8: =SUM(F8*W8) -> 54233492218 | T8: =SUM(F8*W8*1.5) -> 81350238328 | U8: =SUM(H8*W8) -> 65388173629 | V8: =SUM(H8*W8*1.5) -> 98082260443 | W8: 0.035
A9: Emara | B9: =SUM(J9*K9) -> 90861040 | C9: eh-MAH-rah | D9: /ɛˈmɑː.rə/ | E9: Ayuma | F9: =SUM(G9*B9) -> 2109274137239 | G9: 23214.286 | H9: 2.6936451e+12 | I9: =sum(H9/B9) -> 29645.766 | J9: 211.903 | K9: 428786 | L9: =SUM(K9*0.386102) -> 165555.13 | M9: 0.945 | N9: 7.64 | O9: 1 | P9: .ema | Q9: Rivostan | R9: Emaran | S9: =SUM(F9*W9) -> 53153708258 | T9: =SUM(F9*W9*1.5) -> 79730562388 | U9: =SUM(H9*W9) -> 67879856589 | V9: =SUM(H9*W9*1.5) -> 101819784883 | W9: 0.0252
A10: Sunsokua | B10: =SUM(J10*K10) -> 79558877 | C10: sun-SOH-koo-ah | D10: /sʌnˈsoʊ.ku.ə/ | E10: Mahea | F10: =SUM(G10*B10) -> 1000800162006 | G10: 12579.365 | H10: 1401120226808 | I10: =sum(H10/B10) -> 17611.111 | J10: 107.8092 | K10: 737960 | L10: =SUM(K10*0.386102) -> 284927.83 | M10: 0.918 | N10: 8.92 | O10: 744 | P10: .sun | Q10: Mikalu | R10: Sunsokuan | S10: =SUM(F10*W10) -> 45936727436 | T10: =SUM(F10*W10*1.5) -> 68905091154 | U10: =SUM(H10*W10) -> 64311418410 | V10: =SUM(H10*W10*1.5) -> 96467127616 | W10: 0.0459
A11: Ztesh | B11: =SUM(J11*K11) -> 4.2514143e+08 | C11: ZUH-tesh | D11: /ˈzʌ.tɛʃ/ | E11: Quia | F11: =SUM(G11*B11) -> 1449192426574 | G11: 3408.7302 | H11: 4.21715e+12 | I11: =sum(H11/B11) -> 9919.4048 | J11: 252.715 | K11: 1682296 | L11: =SUM(K11*0.386102) -> 649537.85 | M11: 0.66 | N11: 6.24 | O11: 71 | P11: .zte | Q11: Nakos | R11: Zteshi | S11: =SUM(F11*W11) -> 42606257341 | T11: =SUM(F11*W11*1.5) -> 63909386012 | U11: =SUM(H11*W11) -> 123984208863 | V11: =SUM(H11*W11*1.5) -> 185976313295 | W11: 0.0294
A12: Lycroa | B12: =SUM(J12*K12) -> 81313729 | C12: LIE-kroh-uh | D12: /ˈlaɪ.kroʊ.ə/ | E12: Ayuma | F12: =SUM(G12*B12) -> 1677902350965 | G12: 20634.921 | H12: 2.1289136e+12 | I12: =sum(H12/B12) -> 26181.477 | J12: 164.407 | K12: 494588 | L12: =SUM(K12*0.386102) -> 190961.42 | M12: 0.939 | N12: 8.46 | O12: 19 | P12: .lyc | Q12: Jungui | R12: Lycroan | S12: =SUM(F12*W12) -> 40773027128 | T12: =SUM(F12*W12*1.5) -> 61159540693 | U12: =SUM(H12*W12) -> 51732599570 | V12: =SUM(H12*W12*1.5) -> 77598899355 | W12: 0.0243
A13: Seytinemas | B13: =SUM(J13*K13) -> 71957346 | C13: SAY-tee-neh-mahs | D13: /ˈseɪ.ti.nɛ.mɑːs/ | E13: Mahea | F13: =SUM(G13*B13) -> 790959715767 | G13: 10992.063 | H13: 1.4790947e+12 | I13: =sum(H13/B13) -> 20555.159 | J13: 82.0123 | K13: 877397 | L13: =SUM(K13*0.386102) -> 338764.74 | M13: 0.832 | N13: 6.08 | O13: 921 | P13: .sey | Q13: Vulna | R13: Seytinemese | S13: =SUM(F13*W13) -> 37254202613 | T13: =SUM(F13*W13*1.5) -> 55881303919 | U13: =SUM(H13*W13) -> 69665358886 | V13: =SUM(H13*W13*1.5) -> 104498038328 | W13: 0.0471
... A169: Tonder | B169: =SUM(J169*K169) -> 143924.55 | C169: TON-der | D169: /ˈtɒn.dər/ | E169: Ayuma | F169: =SUM(G169*B169) -> 154204875 | G169: 1071.4286 | H169: 4.5644643e+08 | I169: =sum(H169/B169) -> 3171.4286 | J169: 6.545 | K169: 21990 | L169: =SUM(K169*0.386102) -> 8490.383 | M169: 0.662 | N169: 4.44 | O169: 185 | P169: .ton | Q169: Tonder | R169: Tonderian | S169: =SUM(F169*W169) -> 3084097.5 | T169: =SUM(F169*W169*1.5) -> 4626146.2 | U169: =SUM(H169*W169) -> 9128928.6 | V169: =SUM(H169*W169*1.5) -> 13693393 | W169: 0.02
A170: Letan | B170: 76045.2 | C170: LEH-tahn | D170: /ˈlɛ.tɑːn/ | E170: Quia | F170: 1.2342257e+08 | G170: 1623.0159 | H170: 3.2830403e+08 | I170: =sum(H170/B170) -> 4317.2222 | J170: 46.2 | K170: 1646 | L170: 635.52389 | M170: 0.72 | N170: 2.47 | O170: 780 | P170: .let | Q170: Actilica | R170: Letan | S170: 0 | T170: =SUM(F170*W170*1.5) -> 3702677 | U170: =SUM(H170*W170) -> 6566080.5 | V170: =SUM(H170*W170*1.5) -> 9849120.8 | W170: 0.02
A171: Tvecoca | B171: =SUM(J171*K171) -> 5165.16 | C171: tveh-KOH-kah | D171: /ˌtvɛˈkoʊ.kɑː/ | E171: New Ayre | F171: =SUM(G171*B171) -> 48167167 | G171: 9325.3968 | H171: 94407647 | I171: =sum(H171/B171) -> 18277.778 | J171: 40.04 | K171: 129 | L171: =SUM(K171*0.386102) -> 49.807158 | M171: 0.822 | N171: 5.15 | O171: 616 | P171: .tve | Q171: Lurvani | R171: Tvecocan | S171: =SUM(F171*W171) -> 963343.33 | T171: =SUM(F171*W171*1.5) -> 1445015 | U171: =SUM(H171*W171) -> 1888152.9 | V171: =SUM(H171*W171*1.5) -> 2832229.4 | W171: 0.02
A172: Trevilla | B172: =SUM(J172*K172) -> 10360.45 | C172: treh-VILL-ah | D172: /ˌtrɛˈvɪl.ɑː/ | E172: Acrola | F172: =SUM(G172*B172) -> 36590478 | G172: 3531.746 | H172: 90744386 | I172: =sum(H172/B172) -> 8758.7302 | J172: 19.01 | K172: 545 | L172: =SUM(K172*0.386102) -> 210.42559 | M172: 0.747 | N172: 6.12 | O172: 345 | P172: .tre | Q172: City Tirnsch | R172: Trevillian | S172: =SUM(F172*W172) -> 731809.56 | T172: =SUM(F172*W172*1.5) -> 1097714.3 | U172: =SUM(H172*W172) -> 1814887.7 | V172: =SUM(H172*W172*1.5) -> 2722331.6 | W172: 0.02
A173: Cruthi Anoso | B173: =SUM(J173*K173) -> 3983.807 | C173: KROO-thee AH-noh-soh | D173: /ˈkruː.θi ˈɑː.noʊ.soʊ/ | E173: Mahea | F173: =SUM(G173*B173) -> 7524968.8 | G173: 1888.8889 | H173: 22273908 | I173: =sum(H173/B173) -> 5591.1111 | J173: 17.3209 | K173: 230 | L173: =SUM(K173*0.386102) -> 88.80346 | M173: 0.659 | N173: 7.45 | O173: 955 | P173: .cru | Q173: Lunarev | R173: Cruthite | S173: =SUM(F173*W173) -> 150499.38 | T173: =SUM(F173*W173*1.5) -> 225749.06 | U173: =SUM(H173*W173) -> 445478.15 | V173: =SUM(H173*W173*1.5) -> 668217.23 | W173: 0.02
A174: Totals | B174: =SUM(ALL[Population]) -> 6750557645 | E174: N/a | F174: =SUM(ALL[GDP (Nominal)]) -> 62761418039984 | G174: =sum(ALL[[#TOTALS],[GDP (Nominal)]]/ALL[[#TOTALS],[Population]]) -> 9297.2198 | H174: =SUM(ALL[GDP (PPP)]) -> 109171110759386 | I174: =sum(ALL[[#TOTALS],[GDP (PPP)]]/ALL[[#TOTALS],[Population]]) -> 16172.162 | J174: =sum(ALL[[#TOTALS],[Population]]/ALL[[#TOTALS],[Area (Km)]]) -> 53.724624 | K174: =SUM(ALL[Area (Km)]) -> 125651092 | L174: =SUM(ALL[Area (Mi)]) -> 48514138 | M174: N/a | N174: N/a | O174: N/a | P174: N/a | Q174: Suraspa | S174: =SUM(ALL!$S$2:$S$173) -> 1781251406476 | T174: =SUM(ALL!$T$2:$T$173) -> 2671880812391 | U174: =SUM(ALL!$U$2:$U$173) -> 3054715591231 | V174: =SUM(ALL!$V$2:$V$173) -> 4582073386847 | W174: =SUM(W175/172) -> 0.022175
W175: =SUM(ALL!$W$2:$W$173) -> 3.8141
